[
 {
   "Zip": 99105,
   "City": "Benge",
   "County": "Adams"
 },
 {
   "Zip": 99169,
   "City": "Ritzville",
   "County": "Adams"
 },
 {
   "Zip": 99341,
   "City": "Lind",
   "County": "Adams"
 },
 {
   "Zip": 99344,
   "City": "Othello",
   "County": "Adams"
 },
 {
   "Zip": 99371,
   "City": "Washtucna",
   "County": "Adams"
 },
 {
   "Zip": 99401,
   "City": "Anatone",
   "County": "Asotin"
 },
 {
   "Zip": 99402,
   "City": "Asotin",
   "County": "Asotin"
 },
 {
   "Zip": 99403,
   "City": "Clarkston",
   "County": "Asotin"
 },
 {
   "Zip": 99320,
   "City": "Benton City",
   "County": "Benton"
 },
 {
   "Zip": 99336,
   "City": "Kennewick",
   "County": "Benton"
 },
 {
   "Zip": 99337,
   "City": "Kennewick",
   "County": "Benton"
 },
 {
   "Zip": 99338,
   "City": "Kennewick",
   "County": "Benton"
 },
 {
   "Zip": 99345,
   "City": "Paterson",
   "County": "Benton"
 },
 {
   "Zip": 99346,
   "City": "Plymouth",
   "County": "Benton"
 },
 {
   "Zip": 99350,
   "City": "Prosser",
   "County": "Benton"
 },
 {
   "Zip": 99352,
   "City": "Richland",
   "County": "Benton"
 },
 {
   "Zip": 99353,
   "City": "West Richland",
   "County": "Benton"
 },
 {
   "Zip": 99354,
   "City": "Richland",
   "County": "Benton"
 },
 {
   "Zip": 98801,
   "City": "Wenatchee",
   "County": "Chelan"
 },
 {
   "Zip": 98807,
   "City": "Wenatchee",
   "County": "Chelan"
 },
 {
   "Zip": 98811,
   "City": "Ardenvoir",
   "County": "Chelan"
 },
 {
   "Zip": 98815,
   "City": "Cashmere",
   "County": "Chelan"
 },
 {
   "Zip": 98816,
   "City": "Chelan",
   "County": "Chelan"
 },
 {
   "Zip": 98817,
   "City": "Chelan Falls",
   "County": "Chelan"
 },
 {
   "Zip": 98821,
   "City": "Dryden",
   "County": "Chelan"
 },
 {
   "Zip": 98822,
   "City": "Entiat",
   "County": "Chelan"
 },
 {
   "Zip": 98826,
   "City": "Leavenworth",
   "County": "Chelan"
 },
 {
   "Zip": 98828,
   "City": "Malaga",
   "County": "Chelan"
 },
 {
   "Zip": 98831,
   "City": "Manson",
   "County": "Chelan"
 },
 {
   "Zip": 98836,
   "City": "Monitor",
   "County": "Chelan"
 },
 {
   "Zip": 98847,
   "City": "Peshastin",
   "County": "Chelan"
 },
 {
   "Zip": 98852,
   "City": "Stehekin",
   "County": "Chelan"
 },
 {
   "Zip": 98305,
   "City": "Beaver",
   "County": "Clallam"
 },
 {
   "Zip": 98324,
   "City": "Carlsborg",
   "County": "Clallam"
 },
 {
   "Zip": 98326,
   "City": "Clallam Bay",
   "County": "Clallam"
 },
 {
   "Zip": 98331,
   "City": "Forks",
   "County": "Clallam"
 },
 {
   "Zip": 98343,
   "City": "Joyce",
   "County": "Clallam"
 },
 {
   "Zip": 98350,
   "City": "La Push",
   "County": "Clallam"
 },
 {
   "Zip": 98357,
   "City": "Neah Bay",
   "County": "Clallam"
 },
 {
   "Zip": 98362,
   "City": "Port Angeles",
   "County": "Clallam"
 },
 {
   "Zip": 98363,
   "City": "Port Angeles",
   "County": "Clallam"
 },
 {
   "Zip": 98381,
   "City": "Sekiu",
   "County": "Clallam"
 },
 {
   "Zip": 98382,
   "City": "Sequim",
   "County": "Clallam"
 },
 {
   "Zip": 98601,
   "City": "Amboy",
   "County": "Clark"
 },
 {
   "Zip": 98604,
   "City": "Battle Ground",
   "County": "Clark"
 },
 {
   "Zip": 98606,
   "City": "Brush Prairie",
   "County": "Clark"
 },
 {
   "Zip": 98607,
   "City": "Camas",
   "County": "Clark"
 },
 {
   "Zip": 98622,
   "City": "Heisson",
   "County": "Clark"
 },
 {
   "Zip": 98629,
   "City": "La Center",
   "County": "Clark"
 },
 {
   "Zip": 98642,
   "City": "Ridgefield",
   "County": "Clark"
 },
 {
   "Zip": 98660,
   "City": "Vancouver",
   "County": "Clark"
 },
 {
   "Zip": 98661,
   "City": "Vancouver",
   "County": "Clark"
 },
 {
   "Zip": 98662,
   "City": "Vancouver",
   "County": "Clark"
 },
 {
   "Zip": 98663,
   "City": "Vancouver",
   "County": "Clark"
 },
 {
   "Zip": 98664,
   "City": "Vancouver",
   "County": "Clark"
 },
 {
   "Zip": 98665,
   "City": "Vancouver",
   "County": "Clark"
 },
 {
   "Zip": 98666,
   "City": "Vancouver",
   "County": "Clark"
 },
 {
   "Zip": 98668,
   "City": "Vancouver",
   "County": "Clark"
 },
 {
   "Zip": 98671,
   "City": "Washougal",
   "County": "Clark"
 },
 {
   "Zip": 98675,
   "City": "Yacolt",
   "County": "Clark"
 },
 {
   "Zip": 98682,
   "City": "Vancouver",
   "County": "Clark"
 },
 {
   "Zip": 98683,
   "City": "Vancouver",
   "County": "Clark"
 },
 {
   "Zip": 98684,
   "City": "Vancouver",
   "County": "Clark"
 },
 {
   "Zip": 98685,
   "City": "Vancouver",
   "County": "Clark"
 },
 {
   "Zip": 98686,
   "City": "Vancouver",
   "County": "Clark"
 },
 {
   "Zip": 98687,
   "City": "Vancouver",
   "County": "Clark"
 },
 {
   "Zip": 99328,
   "City": "Dayton",
   "County": "Columbia"
 },
 {
   "Zip": 99359,
   "City": "Starbuck",
   "County": "Columbia"
 },
 {
   "Zip": 98581,
   "City": "Ryderwood",
   "County": "Cowlitz"
 },
 {
   "Zip": 98603,
   "City": "Ariel",
   "County": "Cowlitz"
 },
 {
   "Zip": 98609,
   "City": "Carrolls",
   "County": "Cowlitz"
 },
 {
   "Zip": 98611,
   "City": "Castle Rock",
   "County": "Cowlitz"
 },
 {
   "Zip": 98616,
   "City": "Cougar",
   "County": "Cowlitz"
 },
 {
   "Zip": 98625,
   "City": "Kalama",
   "County": "Cowlitz"
 },
 {
   "Zip": 98626,
   "City": "Kelso",
   "County": "Cowlitz"
 },
 {
   "Zip": 98632,
   "City": "Longview",
   "County": "Cowlitz"
 },
 {
   "Zip": 98645,
   "City": "Silverlake",
   "County": "Cowlitz"
 },
 {
   "Zip": 98649,
   "City": "Toutle",
   "County": "Cowlitz"
 },
 {
   "Zip": 98674,
   "City": "Woodland",
   "County": "Cowlitz"
 },
 {
   "Zip": 98802,
   "City": "East Wenatchee",
   "County": "Douglas"
 },
 {
   "Zip": 98813,
   "City": "Bridgeport",
   "County": "Douglas"
 },
 {
   "Zip": 98830,
   "City": "Mansfield",
   "County": "Douglas"
 },
 {
   "Zip": 98843,
   "City": "Orondo",
   "County": "Douglas"
 },
 {
   "Zip": 98845,
   "City": "Palisades",
   "County": "Douglas"
 },
 {
   "Zip": 98850,
   "City": "Rock Island",
   "County": "Douglas"
 },
 {
   "Zip": 98858,
   "City": "Waterville",
   "County": "Douglas"
 },
 {
   "Zip": 99107,
   "City": "Boyds",
   "County": "Ferry"
 },
 {
   "Zip": 99118,
   "City": "Curlew",
   "County": "Ferry"
 },
 {
   "Zip": 99121,
   "City": "Danville",
   "County": "Ferry"
 },
 {
   "Zip": 99138,
   "City": "Inchelium",
   "County": "Ferry"
 },
 {
   "Zip": 99140,
   "City": "Keller",
   "County": "Ferry"
 },
 {
   "Zip": 99146,
   "City": "Laurier",
   "County": "Ferry"
 },
 {
   "Zip": 99150,
   "City": "Malo",
   "County": "Ferry"
 },
 {
   "Zip": 99160,
   "City": "Orient",
   "County": "Ferry"
 },
 {
   "Zip": 99166,
   "City": "Republic",
   "County": "Ferry"
 },
 {
   "Zip": 99301,
   "City": "Pasco",
   "County": "Franklin"
 },
 {
   "Zip": 99302,
   "City": "Pasco",
   "County": "Franklin"
 },
 {
   "Zip": 99326,
   "City": "Connell",
   "County": "Franklin"
 },
 {
   "Zip": 99330,
   "City": "Eltopia",
   "County": "Franklin"
 },
 {
   "Zip": 99335,
   "City": "Kahlotus",
   "County": "Franklin"
 },
 {
   "Zip": 99343,
   "City": "Mesa",
   "County": "Franklin"
 },
 {
   "Zip": 99347,
   "City": "Pomeroy",
   "County": "Garfield"
 },
 {
   "Zip": 98823,
   "City": "Ephrata",
   "County": "Grant"
 },
 {
   "Zip": 98824,
   "City": "George",
   "County": "Grant"
 },
 {
   "Zip": 98832,
   "City": "Marlin",
   "County": "Grant"
 },
 {
   "Zip": 98837,
   "City": "Moses Lake",
   "County": "Grant"
 },
 {
   "Zip": 98848,
   "City": "Quincy",
   "County": "Grant"
 },
 {
   "Zip": 98851,
   "City": "Soap Lake",
   "County": "Grant"
 },
 {
   "Zip": 98853,
   "City": "Stratford",
   "County": "Grant"
 },
 {
   "Zip": 98857,
   "City": "Warden",
   "County": "Grant"
 },
 {
   "Zip": 98860,
   "City": "Wilson Creek",
   "County": "Grant"
 },
 {
   "Zip": 99115,
   "City": "Coulee City",
   "County": "Grant"
 },
 {
   "Zip": 99123,
   "City": "Electric City",
   "County": "Grant"
 },
 {
   "Zip": 99133,
   "City": "Grand Coulee",
   "County": "Grant"
 },
 {
   "Zip": 99135,
   "City": "Hartline",
   "County": "Grant"
 },
 {
   "Zip": 99321,
   "City": "Beverly",
   "County": "Grant"
 },
 {
   "Zip": 99349,
   "City": "Mattawa",
   "County": "Grant"
 },
 {
   "Zip": 99357,
   "City": "Royal City",
   "County": "Grant"
 },
 {
   "Zip": 98520,
   "City": "Aberdeen",
   "County": "Grays Harbor"
 },
 {
   "Zip": 98526,
   "City": "Amanda Park",
   "County": "Grays Harbor"
 },
 {
   "Zip": 98535,
   "City": "Copalis Beach",
   "County": "Grays Harbor"
 },
 {
   "Zip": 98536,
   "City": "Copalis Crossing",
   "County": "Grays Harbor"
 },
 {
   "Zip": 98537,
   "City": "Cosmopolis",
   "County": "Grays Harbor"
 },
 {
   "Zip": 98541,
   "City": "Elma",
   "County": "Grays Harbor"
 },
 {
   "Zip": 98547,
   "City": "Grayland",
   "County": "Grays Harbor"
 },
 {
   "Zip": 98550,
   "City": "Hoquiam",
   "County": "Grays Harbor"
 },
 {
   "Zip": 98552,
   "City": "Humptulips",
   "County": "Grays Harbor"
 },
 {
   "Zip": 98557,
   "City": "Mccleary",
   "County": "Grays Harbor"
 },
 {
   "Zip": 98559,
   "City": "Malone",
   "County": "Grays Harbor"
 },
 {
   "Zip": 98562,
   "City": "Moclips",
   "County": "Grays Harbor"
 },
 {
   "Zip": 98563,
   "City": "Montesano",
   "County": "Grays Harbor"
 },
 {
   "Zip": 98566,
   "City": "Neilton",
   "County": "Grays Harbor"
 },
 {
   "Zip": 98568,
   "City": "Oakville",
   "County": "Grays Harbor"
 },
 {
   "Zip": 98569,
   "City": "Ocean Shores",
   "County": "Grays Harbor"
 },
 {
   "Zip": 98571,
   "City": "Pacific Beach",
   "County": "Grays Harbor"
 },
 {
   "Zip": 98575,
   "City": "Quinault",
   "County": "Grays Harbor"
 },
 {
   "Zip": 98583,
   "City": "Satsop",
   "County": "Grays Harbor"
 },
 {
   "Zip": 98587,
   "City": "Taholah",
   "County": "Grays Harbor"
 },
 {
   "Zip": 98595,
   "City": "Westport",
   "County": "Grays Harbor"
 },
 {
   "Zip": 98236,
   "City": "Clinton",
   "County": "Island"
 },
 {
   "Zip": 98239,
   "City": "Coupeville",
   "County": "Island"
 },
 {
   "Zip": 98249,
   "City": "Freeland",
   "County": "Island"
 },
 {
   "Zip": 98253,
   "City": "Greenbank",
   "County": "Island"
 },
 {
   "Zip": 98260,
   "City": "Langley",
   "County": "Island"
 },
 {
   "Zip": 98277,
   "City": "Oak Harbor",
   "County": "Island"
 },
 {
   "Zip": 98278,
   "City": "Oak Harbor",
   "County": "Island"
 },
 {
   "Zip": 98320,
   "City": "Brinnon",
   "County": "Jefferson"
 },
 {
   "Zip": 98325,
   "City": "Chimacum",
   "County": "Jefferson"
 },
 {
   "Zip": 98339,
   "City": "Port Hadlock",
   "County": "Jefferson"
 },
 {
   "Zip": 98358,
   "City": "Nordland",
   "County": "Jefferson"
 },
 {
   "Zip": 98365,
   "City": "Port Ludlow",
   "County": "Jefferson"
 },
 {
   "Zip": 98368,
   "City": "Port Townsend",
   "County": "Jefferson"
 },
 {
   "Zip": 98376,
   "City": "Quilcene",
   "County": "Jefferson"
 },
 {
   "Zip": 98001,
   "City": "Auburn",
   "County": "King"
 },
 {
   "Zip": 98002,
   "City": "Auburn",
   "County": "King"
 },
 {
   "Zip": 98003,
   "City": "Federal Way",
   "County": "King"
 },
 {
   "Zip": 98004,
   "City": "Bellevue",
   "County": "King"
 },
 {
   "Zip": 98005,
   "City": "Bellevue",
   "County": "King"
 },
 {
   "Zip": 98006,
   "City": "Bellevue",
   "County": "King"
 },
 {
   "Zip": 98007,
   "City": "Bellevue",
   "County": "King"
 },
 {
   "Zip": 98008,
   "City": "Bellevue",
   "County": "King"
 },
 {
   "Zip": 98009,
   "City": "Bellevue",
   "County": "King"
 },
 {
   "Zip": 98010,
   "City": "Black Diamond",
   "County": "King"
 },
 {
   "Zip": 98011,
   "City": "Bothell",
   "County": "King"
 },
 {
   "Zip": 98013,
   "City": "Burton",
   "County": "King"
 },
 {
   "Zip": 98014,
   "City": "Carnation",
   "County": "King"
 },
 {
   "Zip": 98015,
   "City": "Bellevue",
   "County": "King"
 },
 {
   "Zip": 98019,
   "City": "Duvall",
   "County": "King"
 },
 {
   "Zip": 98022,
   "City": "Enumclaw",
   "County": "King"
 },
 {
   "Zip": 98023,
   "City": "Federal Way",
   "County": "King"
 },
 {
   "Zip": 98024,
   "City": "Fall City",
   "County": "King"
 },
 {
   "Zip": 98025,
   "City": "Hobart",
   "County": "King"
 },
 {
   "Zip": 98027,
   "City": "Issaquah",
   "County": "King"
 },
 {
   "Zip": 98028,
   "City": "Kenmore",
   "County": "King"
 },
 {
   "Zip": 98029,
   "City": "Issaquah",
   "County": "King"
 },
 {
   "Zip": 98030,
   "City": "Kent",
   "County": "King"
 },
 {
   "Zip": 98031,
   "City": "Kent",
   "County": "King"
 },
 {
   "Zip": 98032,
   "City": "Kent",
   "County": "King"
 },
 {
   "Zip": 98033,
   "City": "Kirkland",
   "County": "King"
 },
 {
   "Zip": 98034,
   "City": "Kirkland",
   "County": "King"
 },
 {
   "Zip": 98035,
   "City": "Kent",
   "County": "King"
 },
 {
   "Zip": 98038,
   "City": "Maple Valley",
   "County": "King"
 },
 {
   "Zip": 98039,
   "City": "Medina",
   "County": "King"
 },
 {
   "Zip": 98040,
   "City": "Mercer Island",
   "County": "King"
 },
 {
   "Zip": 98041,
   "City": "Bothell",
   "County": "King"
 },
 {
   "Zip": 98042,
   "City": "Kent",
   "County": "King"
 },
 {
   "Zip": 98045,
   "City": "North Bend",
   "County": "King"
 },
 {
   "Zip": 98047,
   "City": "Pacific",
   "County": "King"
 },
 {
   "Zip": 98050,
   "City": "Preston",
   "County": "King"
 },
 {
   "Zip": 98051,
   "City": "Ravensdale",
   "County": "King"
 },
 {
   "Zip": 98052,
   "City": "Redmond",
   "County": "King"
 },
 {
   "Zip": 98053,
   "City": "Redmond",
   "County": "King"
 },
 {
   "Zip": 98055,
   "City": "Renton",
   "County": "King"
 },
 {
   "Zip": 98056,
   "City": "Renton",
   "County": "King"
 },
 {
   "Zip": 98057,
   "City": "Renton",
   "County": "King"
 },
 {
   "Zip": 98058,
   "City": "Renton",
   "County": "King"
 },
 {
   "Zip": 98059,
   "City": "Renton",
   "County": "King"
 },
 {
   "Zip": 98062,
   "City": "Seahurst",
   "County": "King"
 },
 {
   "Zip": 98063,
   "City": "Federal Way",
   "County": "King"
 },
 {
   "Zip": 98064,
   "City": "Kent",
   "County": "King"
 },
 {
   "Zip": 98065,
   "City": "Snoqualmie",
   "County": "King"
 },
 {
   "Zip": 98068,
   "City": "Snoqualmie Pass",
   "County": "King"
 },
 {
   "Zip": 98070,
   "City": "Vashon",
   "County": "King"
 },
 {
   "Zip": 98071,
   "City": "Auburn",
   "County": "King"
 },
 {
   "Zip": 98072,
   "City": "Woodinville",
   "County": "King"
 },
 {
   "Zip": 98073,
   "City": "Redmond",
   "County": "King"
 },
 {
   "Zip": 98074,
   "City": "Sammamish",
   "County": "King"
 },
 {
   "Zip": 98075,
   "City": "Sammamish",
   "County": "King"
 },
 {
   "Zip": 98083,
   "City": "Kirkland",
   "County": "King"
 },
 {
   "Zip": 98089,
   "City": "Kent",
   "County": "King"
 },
 {
   "Zip": 98092,
   "City": "Auburn",
   "County": "King"
 },
 {
   "Zip": 98093,
   "City": "Federal Way",
   "County": "King"
 },
 {
   "Zip": 98101,
   "City": "Seattle",
   "County": "King"
 },
 {
   "Zip": 98102,
   "City": "Seattle",
   "County": "King"
 },
 {
   "Zip": 98103,
   "City": "Seattle",
   "County": "King"
 },
 {
   "Zip": 98104,
   "City": "Seattle",
   "County": "King"
 },
 {
   "Zip": 98105,
   "City": "Seattle",
   "County": "King"
 },
 {
   "Zip": 98106,
   "City": "Seattle",
   "County": "King"
 },
 {
   "Zip": 98107,
   "City": "Seattle",
   "County": "King"
 },
 {
   "Zip": 98108,
   "City": "Seattle",
   "County": "King"
 },
 {
   "Zip": 98109,
   "City": "Seattle",
   "County": "King"
 },
 {
   "Zip": 98111,
   "City": "Seattle",
   "County": "King"
 },
 {
   "Zip": 98112,
   "City": "Seattle",
   "County": "King"
 },
 {
   "Zip": 98113,
   "City": "Seattle",
   "County": "King"
 },
 {
   "Zip": 98114,
   "City": "Seattle",
   "County": "King"
 },
 {
   "Zip": 98115,
   "City": "Seattle",
   "County": "King"
 },
 {
   "Zip": 98116,
   "City": "Seattle",
   "County": "King"
 },
 {
   "Zip": 98117,
   "City": "Seattle",
   "County": "King"
 },
 {
   "Zip": 98118,
   "City": "Seattle",
   "County": "King"
 },
 {
   "Zip": 98119,
   "City": "Seattle",
   "County": "King"
 },
 {
   "Zip": 98121,
   "City": "Seattle",
   "County": "King"
 },
 {
   "Zip": 98122,
   "City": "Seattle",
   "County": "King"
 },
 {
   "Zip": 98124,
   "City": "Seattle",
   "County": "King"
 },
 {
   "Zip": 98125,
   "City": "Seattle",
   "County": "King"
 },
 {
   "Zip": 98126,
   "City": "Seattle",
   "County": "King"
 },
 {
   "Zip": 98127,
   "City": "Seattle",
   "County": "King"
 },
 {
   "Zip": 98129,
   "City": "Seattle",
   "County": "King"
 },
 {
   "Zip": 98131,
   "City": "Seattle",
   "County": "King"
 },
 {
   "Zip": 98133,
   "City": "Seattle",
   "County": "King"
 },
 {
   "Zip": 98134,
   "City": "Seattle",
   "County": "King"
 },
 {
   "Zip": 98136,
   "City": "Seattle",
   "County": "King"
 },
 {
   "Zip": 98138,
   "City": "Seattle",
   "County": "King"
 },
 {
   "Zip": 98139,
   "City": "Seattle",
   "County": "King"
 },
 {
   "Zip": 98141,
   "City": "Seattle",
   "County": "King"
 },
 {
   "Zip": 98144,
   "City": "Seattle",
   "County": "King"
 },
 {
   "Zip": 98145,
   "City": "Seattle",
   "County": "King"
 },
 {
   "Zip": 98146,
   "City": "Seattle",
   "County": "King"
 },
 {
   "Zip": 98148,
   "City": "Seattle",
   "County": "King"
 },
 {
   "Zip": 98154,
   "City": "Seattle",
   "County": "King"
 },
 {
   "Zip": 98155,
   "City": "Seattle",
   "County": "King"
 },
 {
   "Zip": 98158,
   "City": "Seattle",
   "County": "King"
 },
 {
   "Zip": 98160,
   "City": "Seattle",
   "County": "King"
 },
 {
   "Zip": 98161,
   "City": "Seattle",
   "County": "King"
 },
 {
   "Zip": 98164,
   "City": "Seattle",
   "County": "King"
 },
 {
   "Zip": 98165,
   "City": "Seattle",
   "County": "King"
 },
 {
   "Zip": 98166,
   "City": "Seattle",
   "County": "King"
 },
 {
   "Zip": 98168,
   "City": "Seattle",
   "County": "King"
 },
 {
   "Zip": 98170,
   "City": "Seattle",
   "County": "King"
 },
 {
   "Zip": 98174,
   "City": "Seattle",
   "County": "King"
 },
 {
   "Zip": 98175,
   "City": "Seattle",
   "County": "King"
 },
 {
   "Zip": 98177,
   "City": "Seattle",
   "County": "King"
 },
 {
   "Zip": 98178,
   "City": "Seattle",
   "County": "King"
 },
 {
   "Zip": 98181,
   "City": "Seattle",
   "County": "King"
 },
 {
   "Zip": 98185,
   "City": "Seattle",
   "County": "King"
 },
 {
   "Zip": 98188,
   "City": "Seattle",
   "County": "King"
 },
 {
   "Zip": 98190,
   "City": "Seattle",
   "County": "King"
 },
 {
   "Zip": 98191,
   "City": "Seattle",
   "County": "King"
 },
 {
   "Zip": 98194,
   "City": "Seattle",
   "County": "King"
 },
 {
   "Zip": 98195,
   "City": "Seattle",
   "County": "King"
 },
 {
   "Zip": 98198,
   "City": "Seattle",
   "County": "King"
 },
 {
   "Zip": 98199,
   "City": "Seattle",
   "County": "King"
 },
 {
   "Zip": 98224,
   "City": "Baring",
   "County": "King"
 },
 {
   "Zip": 98288,
   "City": "Skykomish",
   "County": "King"
 },
 {
   "Zip": 98061,
   "City": "Rollingbay",
   "County": "Kitsap"
 },
 {
   "Zip": 98110,
   "City": "Bainbridge Island",
   "County": "Kitsap"
 },
 {
   "Zip": 98310,
   "City": "Bremerton",
   "County": "Kitsap"
 },
 {
   "Zip": 98311,
   "City": "Bremerton",
   "County": "Kitsap"
 },
 {
   "Zip": 98312,
   "City": "Bremerton",
   "County": "Kitsap"
 },
 {
   "Zip": 98314,
   "City": "Bremerton",
   "County": "Kitsap"
 },
 {
   "Zip": 98315,
   "City": "Silverdale",
   "County": "Kitsap"
 },
 {
   "Zip": 98322,
   "City": "Burley",
   "County": "Kitsap"
 },
 {
   "Zip": 98337,
   "City": "Bremerton",
   "County": "Kitsap"
 },
 {
   "Zip": 98340,
   "City": "Hansville",
   "County": "Kitsap"
 },
 {
   "Zip": 98342,
   "City": "Indianola",
   "County": "Kitsap"
 },
 {
   "Zip": 98345,
   "City": "Keyport",
   "County": "Kitsap"
 },
 {
   "Zip": 98346,
   "City": "Kingston",
   "County": "Kitsap"
 },
 {
   "Zip": 98353,
   "City": "Manchester",
   "County": "Kitsap"
 },
 {
   "Zip": 98359,
   "City": "Olalla",
   "County": "Kitsap"
 },
 {
   "Zip": 98364,
   "City": "Port Gamble",
   "County": "Kitsap"
 },
 {
   "Zip": 98366,
   "City": "Port Orchard",
   "County": "Kitsap"
 },
 {
   "Zip": 98367,
   "City": "Port Orchard",
   "County": "Kitsap"
 },
 {
   "Zip": 98370,
   "City": "Poulsbo",
   "County": "Kitsap"
 },
 {
   "Zip": 98378,
   "City": "Retsil",
   "County": "Kitsap"
 },
 {
   "Zip": 98380,
   "City": "Seabeck",
   "County": "Kitsap"
 },
 {
   "Zip": 98383,
   "City": "Silverdale",
   "County": "Kitsap"
 },
 {
   "Zip": 98384,
   "City": "South Colby",
   "County": "Kitsap"
 },
 {
   "Zip": 98386,
   "City": "Southworth",
   "County": "Kitsap"
 },
 {
   "Zip": 98392,
   "City": "Suquamish",
   "County": "Kitsap"
 },
 {
   "Zip": 98393,
   "City": "Tracyton",
   "County": "Kitsap"
 },
 {
   "Zip": 98922,
   "City": "Cle Elum",
   "County": "Kittitas"
 },
 {
   "Zip": 98925,
   "City": "Easton",
   "County": "Kittitas"
 },
 {
   "Zip": 98926,
   "City": "Ellensburg",
   "County": "Kittitas"
 },
 {
   "Zip": 98934,
   "City": "Kittitas",
   "County": "Kittitas"
 },
 {
   "Zip": 98940,
   "City": "Ronald",
   "County": "Kittitas"
 },
 {
   "Zip": 98941,
   "City": "Roslyn",
   "County": "Kittitas"
 },
 {
   "Zip": 98943,
   "City": "South Cle Elum",
   "County": "Kittitas"
 },
 {
   "Zip": 98946,
   "City": "Thorp",
   "County": "Kittitas"
 },
 {
   "Zip": 98950,
   "City": "Vantage",
   "County": "Kittitas"
 },
 {
   "Zip": 98602,
   "City": "Appleton",
   "County": "Klickitat"
 },
 {
   "Zip": 98605,
   "City": "Bingen",
   "County": "Klickitat"
 },
 {
   "Zip": 98613,
   "City": "Centerville",
   "County": "Klickitat"
 },
 {
   "Zip": 98617,
   "City": "Dallesport",
   "County": "Klickitat"
 },
 {
   "Zip": 98619,
   "City": "Glenwood",
   "County": "Klickitat"
 },
 {
   "Zip": 98620,
   "City": "Goldendale",
   "County": "Klickitat"
 },
 {
   "Zip": 98623,
   "City": "Husum",
   "County": "Klickitat"
 },
 {
   "Zip": 98628,
   "City": "Klickitat",
   "County": "Klickitat"
 },
 {
   "Zip": 98635,
   "City": "Lyle",
   "County": "Klickitat"
 },
 {
   "Zip": 98650,
   "City": "Trout Lake",
   "County": "Klickitat"
 },
 {
   "Zip": 98670,
   "City": "Wahkiacus",
   "County": "Klickitat"
 },
 {
   "Zip": 98672,
   "City": "White Salmon",
   "County": "Klickitat"
 },
 {
   "Zip": 98673,
   "City": "Wishram",
   "County": "Klickitat"
 },
 {
   "Zip": 99322,
   "City": "Bickleton",
   "County": "Klickitat"
 },
 {
   "Zip": 99356,
   "City": "Roosevelt",
   "County": "Klickitat"
 },
 {
   "Zip": 98336,
   "City": "Glenoma",
   "County": "Lewis"
 },
 {
   "Zip": 98355,
   "City": "Mineral",
   "County": "Lewis"
 },
 {
   "Zip": 98356,
   "City": "Morton",
   "County": "Lewis"
 },
 {
   "Zip": 98361,
   "City": "Packwood",
   "County": "Lewis"
 },
 {
   "Zip": 98377,
   "City": "Randle",
   "County": "Lewis"
 },
 {
   "Zip": 98522,
   "City": "Adna",
   "County": "Lewis"
 },
 {
   "Zip": 98531,
   "City": "Centralia",
   "County": "Lewis"
 },
 {
   "Zip": 98532,
   "City": "Chehalis",
   "County": "Lewis"
 },
 {
   "Zip": 98533,
   "City": "Cinebar",
   "County": "Lewis"
 },
 {
   "Zip": 98538,
   "City": "Curtis",
   "County": "Lewis"
 },
 {
   "Zip": 98539,
   "City": "Doty",
   "County": "Lewis"
 },
 {
   "Zip": 98542,
   "City": "Ethel",
   "County": "Lewis"
 },
 {
   "Zip": 98544,
   "City": "Galvin",
   "County": "Lewis"
 },
 {
   "Zip": 98564,
   "City": "Mossyrock",
   "County": "Lewis"
 },
 {
   "Zip": 98565,
   "City": "Napavine",
   "County": "Lewis"
 },
 {
   "Zip": 98570,
   "City": "Onalaska",
   "County": "Lewis"
 },
 {
   "Zip": 98572,
   "City": "Pe Ell",
   "County": "Lewis"
 },
 {
   "Zip": 98582,
   "City": "Salkum",
   "County": "Lewis"
 },
 {
   "Zip": 98585,
   "City": "Silver Creek",
   "County": "Lewis"
 },
 {
   "Zip": 98591,
   "City": "Toledo",
   "County": "Lewis"
 },
 {
   "Zip": 98593,
   "City": "Vader",
   "County": "Lewis"
 },
 {
   "Zip": 98596,
   "City": "Winlock",
   "County": "Lewis"
 },
 {
   "Zip": 99008,
   "City": "Edwall",
   "County": "Lincoln"
 },
 {
   "Zip": 99032,
   "City": "Sprague",
   "County": "Lincoln"
 },
 {
   "Zip": 99103,
   "City": "Almira",
   "County": "Lincoln"
 },
 {
   "Zip": 99117,
   "City": "Creston",
   "County": "Lincoln"
 },
 {
   "Zip": 99122,
   "City": "Davenport",
   "County": "Lincoln"
 },
 {
   "Zip": 99134,
   "City": "Harrington",
   "County": "Lincoln"
 },
 {
   "Zip": 99144,
   "City": "Lamona",
   "County": "Lincoln"
 },
 {
   "Zip": 99147,
   "City": "Lincoln",
   "County": "Lincoln"
 },
 {
   "Zip": 99154,
   "City": "Mohler",
   "County": "Lincoln"
 },
 {
   "Zip": 99159,
   "City": "Odessa",
   "County": "Lincoln"
 },
 {
   "Zip": 99185,
   "City": "Wilbur",
   "County": "Lincoln"
 },
 {
   "Zip": 98524,
   "City": "Allyn",
   "County": "Mason"
 },
 {
   "Zip": 98528,
   "City": "Belfair",
   "County": "Mason"
 },
 {
   "Zip": 98546,
   "City": "Grapeview",
   "County": "Mason"
 },
 {
   "Zip": 98548,
   "City": "Hoodsport",
   "County": "Mason"
 },
 {
   "Zip": 98555,
   "City": "Lilliwaup",
   "County": "Mason"
 },
 {
   "Zip": 98560,
   "City": "Matlock",
   "County": "Mason"
 },
 {
   "Zip": 98584,
   "City": "Shelton",
   "County": "Mason"
 },
 {
   "Zip": 98588,
   "City": "Tahuya",
   "County": "Mason"
 },
 {
   "Zip": 98592,
   "City": "Union",
   "County": "Mason"
 },
 {
   "Zip": 98812,
   "City": "Brewster",
   "County": "Okanogan"
 },
 {
   "Zip": 98814,
   "City": "Carlton",
   "County": "Okanogan"
 },
 {
   "Zip": 98819,
   "City": "Conconully",
   "County": "Okanogan"
 },
 {
   "Zip": 98827,
   "City": "Loomis",
   "County": "Okanogan"
 },
 {
   "Zip": 98829,
   "City": "Malott",
   "County": "Okanogan"
 },
 {
   "Zip": 98833,
   "City": "Mazama",
   "County": "Okanogan"
 },
 {
   "Zip": 98834,
   "City": "Methow",
   "County": "Okanogan"
 },
 {
   "Zip": 98840,
   "City": "Okanogan",
   "County": "Okanogan"
 },
 {
   "Zip": 98841,
   "City": "Omak",
   "County": "Okanogan"
 },
 {
   "Zip": 98844,
   "City": "Oroville",
   "County": "Okanogan"
 },
 {
   "Zip": 98846,
   "City": "Pateros",
   "County": "Okanogan"
 },
 {
   "Zip": 98849,
   "City": "Riverside",
   "County": "Okanogan"
 },
 {
   "Zip": 98855,
   "City": "Tonasket",
   "County": "Okanogan"
 },
 {
   "Zip": 98856,
   "City": "Twisp",
   "County": "Okanogan"
 },
 {
   "Zip": 98859,
   "City": "Wauconda",
   "County": "Okanogan"
 },
 {
   "Zip": 98862,
   "City": "Winthrop",
   "County": "Okanogan"
 },
 {
   "Zip": 99116,
   "City": "Coulee Dam",
   "County": "Okanogan"
 },
 {
   "Zip": 99124,
   "City": "Elmer City",
   "County": "Okanogan"
 },
 {
   "Zip": 99155,
   "City": "Nespelem",
   "County": "Okanogan"
 },
 {
   "Zip": 98527,
   "City": "Bay Center",
   "County": "Pacific"
 },
 {
   "Zip": 98554,
   "City": "Lebam",
   "County": "Pacific"
 },
 {
   "Zip": 98561,
   "City": "Menlo",
   "County": "Pacific"
 },
 {
   "Zip": 98577,
   "City": "Raymond",
   "County": "Pacific"
 },
 {
   "Zip": 98586,
   "City": "South Bend",
   "County": "Pacific"
 },
 {
   "Zip": 98590,
   "City": "Tokeland",
   "County": "Pacific"
 },
 {
   "Zip": 98614,
   "City": "Chinook",
   "County": "Pacific"
 },
 {
   "Zip": 98624,
   "City": "Ilwaco",
   "County": "Pacific"
 },
 {
   "Zip": 98631,
   "City": "Long Beach",
   "County": "Pacific"
 },
 {
   "Zip": 98637,
   "City": "Nahcotta",
   "County": "Pacific"
 },
 {
   "Zip": 98638,
   "City": "Naselle",
   "County": "Pacific"
 },
 {
   "Zip": 98640,
   "City": "Ocean Park",
   "County": "Pacific"
 },
 {
   "Zip": 98641,
   "City": "Oysterville",
   "County": "Pacific"
 },
 {
   "Zip": 98644,
   "City": "Seaview",
   "County": "Pacific"
 },
 {
   "Zip": 99119,
   "City": "Cusick",
   "County": "Pend Oreille"
 },
 {
   "Zip": 99139,
   "City": "Ione",
   "County": "Pend Oreille"
 },
 {
   "Zip": 99152,
   "City": "Metaline",
   "County": "Pend Oreille"
 },
 {
   "Zip": 99153,
   "City": "Metaline Falls",
   "County": "Pend Oreille"
 },
 {
   "Zip": 99156,
   "City": "Newport",
   "County": "Pend Oreille"
 },
 {
   "Zip": 99180,
   "City": "Usk",
   "County": "Pend Oreille"
 },
 {
   "Zip": 98303,
   "City": "Anderson Island",
   "County": "Pierce"
 },
 {
   "Zip": 98304,
   "City": "Ashford",
   "County": "Pierce"
 },
 {
   "Zip": 98321,
   "City": "Buckley",
   "County": "Pierce"
 },
 {
   "Zip": 98323,
   "City": "Carbonado",
   "County": "Pierce"
 },
 {
   "Zip": 98327,
   "City": "Dupont",
   "County": "Pierce"
 },
 {
   "Zip": 98328,
   "City": "Eatonville",
   "County": "Pierce"
 },
 {
   "Zip": 98329,
   "City": "Gig Harbor",
   "County": "Pierce"
 },
 {
   "Zip": 98330,
   "City": "Elbe",
   "County": "Pierce"
 },
 {
   "Zip": 98332,
   "City": "Gig Harbor",
   "County": "Pierce"
 },
 {
   "Zip": 98333,
   "City": "Fox Island",
   "County": "Pierce"
 },
 {
   "Zip": 98335,
   "City": "Gig Harbor",
   "County": "Pierce"
 },
 {
   "Zip": 98338,
   "City": "Graham",
   "County": "Pierce"
 },
 {
   "Zip": 98344,
   "City": "Kapowsin",
   "County": "Pierce"
 },
 {
   "Zip": 98348,
   "City": "La Grande",
   "County": "Pierce"
 },
 {
   "Zip": 98349,
   "City": "Lakebay",
   "County": "Pierce"
 },
 {
   "Zip": 98351,
   "City": "Longbranch",
   "County": "Pierce"
 },
 {
   "Zip": 98352,
   "City": "Sumner",
   "County": "Pierce"
 },
 {
   "Zip": 98354,
   "City": "Milton",
   "County": "Pierce"
 },
 {
   "Zip": 98360,
   "City": "Orting",
   "County": "Pierce"
 },
 {
   "Zip": 98371,
   "City": "Puyallup",
   "County": "Pierce"
 },
 {
   "Zip": 98372,
   "City": "Puyallup",
   "County": "Pierce"
 },
 {
   "Zip": 98373,
   "City": "Puyallup",
   "County": "Pierce"
 },
 {
   "Zip": 98374,
   "City": "Puyallup",
   "County": "Pierce"
 },
 {
   "Zip": 98375,
   "City": "Puyallup",
   "County": "Pierce"
 },
 {
   "Zip": 98385,
   "City": "South Prairie",
   "County": "Pierce"
 },
 {
   "Zip": 98387,
   "City": "Spanaway",
   "County": "Pierce"
 },
 {
   "Zip": 98388,
   "City": "Steilacoom",
   "County": "Pierce"
 },
 {
   "Zip": 98390,
   "City": "Sumner",
   "County": "Pierce"
 },
 {
   "Zip": 98391,
   "City": "Bonney Lake",
   "County": "Pierce"
 },
 {
   "Zip": 98394,
   "City": "Vaughn",
   "County": "Pierce"
 },
 {
   "Zip": 98395,
   "City": "Wauna",
   "County": "Pierce"
 },
 {
   "Zip": 98396,
   "City": "Wilkeson",
   "County": "Pierce"
 },
 {
   "Zip": 98397,
   "City": "Longmire",
   "County": "Pierce"
 },
 {
   "Zip": 98398,
   "City": "Paradise Inn",
   "County": "Pierce"
 },
 {
   "Zip": 98401,
   "City": "Tacoma",
   "County": "Pierce"
 },
 {
   "Zip": 98402,
   "City": "Tacoma",
   "County": "Pierce"
 },
 {
   "Zip": 98403,
   "City": "Tacoma",
   "County": "Pierce"
 },
 {
   "Zip": 98404,
   "City": "Tacoma",
   "County": "Pierce"
 },
 {
   "Zip": 98405,
   "City": "Tacoma",
   "County": "Pierce"
 },
 {
   "Zip": 98406,
   "City": "Tacoma",
   "County": "Pierce"
 },
 {
   "Zip": 98407,
   "City": "Tacoma",
   "County": "Pierce"
 },
 {
   "Zip": 98408,
   "City": "Tacoma",
   "County": "Pierce"
 },
 {
   "Zip": 98409,
   "City": "Tacoma",
   "County": "Pierce"
 },
 {
   "Zip": 98411,
   "City": "Tacoma",
   "County": "Pierce"
 },
 {
   "Zip": 98412,
   "City": "Tacoma",
   "County": "Pierce"
 },
 {
   "Zip": 98413,
   "City": "Tacoma",
   "County": "Pierce"
 },
 {
   "Zip": 98415,
   "City": "Tacoma",
   "County": "Pierce"
 },
 {
   "Zip": 98416,
   "City": "Tacoma",
   "County": "Pierce"
 },
 {
   "Zip": 98417,
   "City": "Tacoma",
   "County": "Pierce"
 },
 {
   "Zip": 98418,
   "City": "Tacoma",
   "County": "Pierce"
 },
 {
   "Zip": 98419,
   "City": "Tacoma",
   "County": "Pierce"
 },
 {
   "Zip": 98421,
   "City": "Tacoma",
   "County": "Pierce"
 },
 {
   "Zip": 98422,
   "City": "Tacoma",
   "County": "Pierce"
 },
 {
   "Zip": 98424,
   "City": "Tacoma",
   "County": "Pierce"
 },
 {
   "Zip": 98430,
   "City": "Camp Murray",
   "County": "Pierce"
 },
 {
   "Zip": 98431,
   "City": "Tacoma",
   "County": "Pierce"
 },
 {
   "Zip": 98433,
   "City": "Tacoma",
   "County": "Pierce"
 },
 {
   "Zip": 98438,
   "City": "Mcchord Afb",
   "County": "Pierce"
 },
 {
   "Zip": 98439,
   "City": "Lakewood",
   "County": "Pierce"
 },
 {
   "Zip": 98443,
   "City": "Tacoma",
   "County": "Pierce"
 },
 {
   "Zip": 98444,
   "City": "Tacoma",
   "County": "Pierce"
 },
 {
   "Zip": 98445,
   "City": "Tacoma",
   "County": "Pierce"
 },
 {
   "Zip": 98446,
   "City": "Tacoma",
   "County": "Pierce"
 },
 {
   "Zip": 98447,
   "City": "Tacoma",
   "County": "Pierce"
 },
 {
   "Zip": 98448,
   "City": "Tacoma",
   "County": "Pierce"
 },
 {
   "Zip": 98464,
   "City": "Tacoma",
   "County": "Pierce"
 },
 {
   "Zip": 98465,
   "City": "Tacoma",
   "County": "Pierce"
 },
 {
   "Zip": 98466,
   "City": "Tacoma",
   "County": "Pierce"
 },
 {
   "Zip": 98467,
   "City": "University Place",
   "County": "Pierce"
 },
 {
   "Zip": 98471,
   "City": "Tacoma",
   "County": "Pierce"
 },
 {
   "Zip": 98481,
   "City": "Tacoma",
   "County": "Pierce"
 },
 {
   "Zip": 98490,
   "City": "Tacoma",
   "County": "Pierce"
 },
 {
   "Zip": 98493,
   "City": "Tacoma",
   "County": "Pierce"
 },
 {
   "Zip": 98496,
   "City": "Lakewood",
   "County": "Pierce"
 },
 {
   "Zip": 98497,
   "City": "Lakewood",
   "County": "Pierce"
 },
 {
   "Zip": 98498,
   "City": "Lakewood",
   "County": "Pierce"
 },
 {
   "Zip": 98499,
   "City": "Lakewood",
   "County": "Pierce"
 },
 {
   "Zip": 98558,
   "City": "Mckenna",
   "County": "Pierce"
 },
 {
   "Zip": 98580,
   "City": "Roy",
   "County": "Pierce"
 },
 {
   "Zip": 98222,
   "City": "Blakely Island",
   "County": "San Juan"
 },
 {
   "Zip": 98243,
   "City": "Deer Harbor",
   "County": "San Juan"
 },
 {
   "Zip": 98245,
   "City": "Eastsound",
   "County": "San Juan"
 },
 {
   "Zip": 98250,
   "City": "Friday Harbor",
   "County": "San Juan"
 },
 {
   "Zip": 98261,
   "City": "Lopez Island",
   "County": "San Juan"
 },
 {
   "Zip": 98279,
   "City": "Olga",
   "County": "San Juan"
 },
 {
   "Zip": 98280,
   "City": "Orcas",
   "County": "San Juan"
 },
 {
   "Zip": 98286,
   "City": "Shaw Island",
   "County": "San Juan"
 },
 {
   "Zip": 98297,
   "City": "Waldron",
   "County": "San Juan"
 },
 {
   "Zip": 98221,
   "City": "Anacortes",
   "County": "Skagit"
 },
 {
   "Zip": 98232,
   "City": "Bow",
   "County": "Skagit"
 },
 {
   "Zip": 98233,
   "City": "Burlington",
   "County": "Skagit"
 },
 {
   "Zip": 98235,
   "City": "Clearlake",
   "County": "Skagit"
 },
 {
   "Zip": 98237,
   "City": "Concrete",
   "County": "Skagit"
 },
 {
   "Zip": 98238,
   "City": "Conway",
   "County": "Skagit"
 },
 {
   "Zip": 98255,
   "City": "Hamilton",
   "County": "Skagit"
 },
 {
   "Zip": 98257,
   "City": "La Conner",
   "County": "Skagit"
 },
 {
   "Zip": 98263,
   "City": "Lyman",
   "County": "Skagit"
 },
 {
   "Zip": 98267,
   "City": "Marblemount",
   "County": "Skagit"
 },
 {
   "Zip": 98273,
   "City": "Mount Vernon",
   "County": "Skagit"
 },
 {
   "Zip": 98274,
   "City": "Mount Vernon",
   "County": "Skagit"
 },
 {
   "Zip": 98283,
   "City": "Rockport",
   "County": "Skagit"
 },
 {
   "Zip": 98284,
   "City": "Sedro Woolley",
   "County": "Skagit"
 },
 {
   "Zip": 98610,
   "City": "Carson",
   "County": "Skamania"
 },
 {
   "Zip": 98639,
   "City": "North Bonneville",
   "County": "Skamania"
 },
 {
   "Zip": 98648,
   "City": "Stevenson",
   "County": "Skamania"
 },
 {
   "Zip": 98651,
   "City": "Underwood",
   "County": "Skamania"
 },
 {
   "Zip": 98012,
   "City": "Bothell",
   "County": "Snohomish"
 },
 {
   "Zip": 98020,
   "City": "Edmonds",
   "County": "Snohomish"
 },
 {
   "Zip": 98021,
   "City": "Bothell",
   "County": "Snohomish"
 },
 {
   "Zip": 98026,
   "City": "Edmonds",
   "County": "Snohomish"
 },
 {
   "Zip": 98036,
   "City": "Lynnwood",
   "County": "Snohomish"
 },
 {
   "Zip": 98037,
   "City": "Lynnwood",
   "County": "Snohomish"
 },
 {
   "Zip": 98043,
   "City": "Mountlake Terrace",
   "County": "Snohomish"
 },
 {
   "Zip": 98046,
   "City": "Lynnwood",
   "County": "Snohomish"
 },
 {
   "Zip": 98077,
   "City": "Woodinville",
   "County": "Snohomish"
 },
 {
   "Zip": 98082,
   "City": "Mill Creek",
   "County": "Snohomish"
 },
 {
   "Zip": 98087,
   "City": "Lynnwood",
   "County": "Snohomish"
 },
 {
   "Zip": 98201,
   "City": "Everett",
   "County": "Snohomish"
 },
 {
   "Zip": 98203,
   "City": "Everett",
   "County": "Snohomish"
 },
 {
   "Zip": 98204,
   "City": "Everett",
   "County": "Snohomish"
 },
 {
   "Zip": 98206,
   "City": "Everett",
   "County": "Snohomish"
 },
 {
   "Zip": 98207,
   "City": "Everett",
   "County": "Snohomish"
 },
 {
   "Zip": 98208,
   "City": "Everett",
   "County": "Snohomish"
 },
 {
   "Zip": 98213,
   "City": "Everett",
   "County": "Snohomish"
 },
 {
   "Zip": 98223,
   "City": "Arlington",
   "County": "Snohomish"
 },
 {
   "Zip": 98241,
   "City": "Darrington",
   "County": "Snohomish"
 },
 {
   "Zip": 98251,
   "City": "Gold Bar",
   "County": "Snohomish"
 },
 {
   "Zip": 98252,
   "City": "Granite Falls",
   "County": "Snohomish"
 },
 {
   "Zip": 98256,
   "City": "Index",
   "County": "Snohomish"
 },
 {
   "Zip": 98258,
   "City": "Lake Stevens",
   "County": "Snohomish"
 },
 {
   "Zip": 98259,
   "City": "North Lakewood",
   "County": "Snohomish"
 },
 {
   "Zip": 98270,
   "City": "Marysville",
   "County": "Snohomish"
 },
 {
   "Zip": 98271,
   "City": "Marysville",
   "County": "Snohomish"
 },
 {
   "Zip": 98272,
   "City": "Monroe",
   "County": "Snohomish"
 },
 {
   "Zip": 98275,
   "City": "Mukilteo",
   "County": "Snohomish"
 },
 {
   "Zip": 98282,
   "City": "Camano Island",
   "County": "Snohomish"
 },
 {
   "Zip": 98287,
   "City": "Silvana",
   "County": "Snohomish"
 },
 {
   "Zip": 98290,
   "City": "Snohomish",
   "County": "Snohomish"
 },
 {
   "Zip": 98291,
   "City": "Snohomish",
   "County": "Snohomish"
 },
 {
   "Zip": 98292,
   "City": "Stanwood",
   "County": "Snohomish"
 },
 {
   "Zip": 98293,
   "City": "Startup",
   "County": "Snohomish"
 },
 {
   "Zip": 98294,
   "City": "Sultan",
   "County": "Snohomish"
 },
 {
   "Zip": 98296,
   "City": "Snohomish",
   "County": "Snohomish"
 },
 {
   "Zip": 99001,
   "City": "Airway Heights",
   "County": "Spokane"
 },
 {
   "Zip": 99003,
   "City": "Chattaroy",
   "County": "Spokane"
 },
 {
   "Zip": 99004,
   "City": "Cheney",
   "County": "Spokane"
 },
 {
   "Zip": 99005,
   "City": "Colbert",
   "County": "Spokane"
 },
 {
   "Zip": 99006,
   "City": "Deer Park",
   "County": "Spokane"
 },
 {
   "Zip": 99009,
   "City": "Elk",
   "County": "Spokane"
 },
 {
   "Zip": 99011,
   "City": "Fairchild Air Force Base",
   "County": "Spokane"
 },
 {
   "Zip": 99012,
   "City": "Fairfield",
   "County": "Spokane"
 },
 {
   "Zip": 99014,
   "City": "Four Lakes",
   "County": "Spokane"
 },
 {
   "Zip": 99016,
   "City": "Greenacres",
   "County": "Spokane"
 },
 {
   "Zip": 99018,
   "City": "Latah",
   "County": "Spokane"
 },
 {
   "Zip": 99019,
   "City": "Liberty Lake",
   "County": "Spokane"
 },
 {
   "Zip": 99020,
   "City": "Marshall",
   "County": "Spokane"
 },
 {
   "Zip": 99021,
   "City": "Mead",
   "County": "Spokane"
 },
 {
   "Zip": 99022,
   "City": "Medical Lake",
   "County": "Spokane"
 },
 {
   "Zip": 99023,
   "City": "Mica",
   "County": "Spokane"
 },
 {
   "Zip": 99025,
   "City": "Newman Lake",
   "County": "Spokane"
 },
 {
   "Zip": 99026,
   "City": "Nine Mile Falls",
   "County": "Spokane"
 },
 {
   "Zip": 99027,
   "City": "Otis Orchards",
   "County": "Spokane"
 },
 {
   "Zip": 99029,
   "City": "Reardan",
   "County": "Spokane"
 },
 {
   "Zip": 99030,
   "City": "Rockford",
   "County": "Spokane"
 },
 {
   "Zip": 99031,
   "City": "Spangle",
   "County": "Spokane"
 },
 {
   "Zip": 99036,
   "City": "Valleyford",
   "County": "Spokane"
 },
 {
   "Zip": 99037,
   "City": "Veradale",
   "County": "Spokane"
 },
 {
   "Zip": 99039,
   "City": "Waverly",
   "County": "Spokane"
 },
 {
   "Zip": 99201,
   "City": "Spokane",
   "County": "Spokane"
 },
 {
   "Zip": 99202,
   "City": "Spokane",
   "County": "Spokane"
 },
 {
   "Zip": 99203,
   "City": "Spokane",
   "County": "Spokane"
 },
 {
   "Zip": 99204,
   "City": "Spokane",
   "County": "Spokane"
 },
 {
   "Zip": 99205,
   "City": "Spokane",
   "County": "Spokane"
 },
 {
   "Zip": 99206,
   "City": "Spokane",
   "County": "Spokane"
 },
 {
   "Zip": 99207,
   "City": "Spokane",
   "County": "Spokane"
 },
 {
   "Zip": 99208,
   "City": "Spokane",
   "County": "Spokane"
 },
 {
   "Zip": 99209,
   "City": "Spokane",
   "County": "Spokane"
 },
 {
   "Zip": 99210,
   "City": "Spokane",
   "County": "Spokane"
 },
 {
   "Zip": 99211,
   "City": "Spokane",
   "County": "Spokane"
 },
 {
   "Zip": 99212,
   "City": "Spokane",
   "County": "Spokane"
 },
 {
   "Zip": 99213,
   "City": "Spokane",
   "County": "Spokane"
 },
 {
   "Zip": 99214,
   "City": "Spokane",
   "County": "Spokane"
 },
 {
   "Zip": 99215,
   "City": "Spokane",
   "County": "Spokane"
 },
 {
   "Zip": 99216,
   "City": "Spokane",
   "County": "Spokane"
 },
 {
   "Zip": 99217,
   "City": "Spokane",
   "County": "Spokane"
 },
 {
   "Zip": 99218,
   "City": "Spokane",
   "County": "Spokane"
 },
 {
   "Zip": 99219,
   "City": "Spokane",
   "County": "Spokane"
 },
 {
   "Zip": 99220,
   "City": "Spokane",
   "County": "Spokane"
 },
 {
   "Zip": 99223,
   "City": "Spokane",
   "County": "Spokane"
 },
 {
   "Zip": 99224,
   "City": "Spokane",
   "County": "Spokane"
 },
 {
   "Zip": 99228,
   "City": "Spokane",
   "County": "Spokane"
 },
 {
   "Zip": 99251,
   "City": "Spokane",
   "County": "Spokane"
 },
 {
   "Zip": 99252,
   "City": "Spokane",
   "County": "Spokane"
 },
 {
   "Zip": 99256,
   "City": "Spokane",
   "County": "Spokane"
 },
 {
   "Zip": 99258,
   "City": "Spokane",
   "County": "Spokane"
 },
 {
   "Zip": 99260,
   "City": "Spokane",
   "County": "Spokane"
 },
 {
   "Zip": 99013,
   "City": "Ford",
   "County": "Stevens"
 },
 {
   "Zip": 99034,
   "City": "Tumtum",
   "County": "Stevens"
 },
 {
   "Zip": 99040,
   "City": "Wellpinit",
   "County": "Stevens"
 },
 {
   "Zip": 99101,
   "City": "Addy",
   "County": "Stevens"
 },
 {
   "Zip": 99109,
   "City": "Chewelah",
   "County": "Stevens"
 },
 {
   "Zip": 99110,
   "City": "Clayton",
   "County": "Stevens"
 },
 {
   "Zip": 99114,
   "City": "Colville",
   "County": "Stevens"
 },
 {
   "Zip": 99126,
   "City": "Evans",
   "County": "Stevens"
 },
 {
   "Zip": 99129,
   "City": "Fruitland",
   "County": "Stevens"
 },
 {
   "Zip": 99131,
   "City": "Gifford",
   "County": "Stevens"
 },
 {
   "Zip": 99137,
   "City": "Hunters",
   "County": "Stevens"
 },
 {
   "Zip": 99141,
   "City": "Kettle Falls",
   "County": "Stevens"
 },
 {
   "Zip": 99148,
   "City": "Loon Lake",
   "County": "Stevens"
 },
 {
   "Zip": 99151,
   "City": "Marcus",
   "County": "Stevens"
 },
 {
   "Zip": 99157,
   "City": "Northport",
   "County": "Stevens"
 },
 {
   "Zip": 99167,
   "City": "Rice",
   "County": "Stevens"
 },
 {
   "Zip": 99173,
   "City": "Springdale",
   "County": "Stevens"
 },
 {
   "Zip": 99181,
   "City": "Valley",
   "County": "Stevens"
 },
 {
   "Zip": 98501,
   "City": "Olympia",
   "County": "Thurston"
 },
 {
   "Zip": 98502,
   "City": "Olympia",
   "County": "Thurston"
 },
 {
   "Zip": 98503,
   "City": "Lacey",
   "County": "Thurston"
 },
 {
   "Zip": 98504,
   "City": "Olympia",
   "County": "Thurston"
 },
 {
   "Zip": 98505,
   "City": "Olympia",
   "County": "Thurston"
 },
 {
   "Zip": 98506,
   "City": "Olympia",
   "County": "Thurston"
 },
 {
   "Zip": 98507,
   "City": "Olympia",
   "County": "Thurston"
 },
 {
   "Zip": 98508,
   "City": "Olympia",
   "County": "Thurston"
 },
 {
   "Zip": 98509,
   "City": "Lacey",
   "County": "Thurston"
 },
 {
   "Zip": 98511,
   "City": "Tumwater",
   "County": "Thurston"
 },
 {
   "Zip": 98512,
   "City": "Olympia",
   "County": "Thurston"
 },
 {
   "Zip": 98513,
   "City": "Olympia",
   "County": "Thurston"
 },
 {
   "Zip": 98516,
   "City": "Olympia",
   "County": "Thurston"
 },
 {
   "Zip": 98530,
   "City": "Bucoda",
   "County": "Thurston"
 },
 {
   "Zip": 98540,
   "City": "East Olympia",
   "County": "Thurston"
 },
 {
   "Zip": 98556,
   "City": "Littlerock",
   "County": "Thurston"
 },
 {
   "Zip": 98576,
   "City": "Rainier",
   "County": "Thurston"
 },
 {
   "Zip": 98579,
   "City": "Rochester",
   "County": "Thurston"
 },
 {
   "Zip": 98589,
   "City": "Tenino",
   "County": "Thurston"
 },
 {
   "Zip": 98597,
   "City": "Yelm",
   "County": "Thurston"
 },
 {
   "Zip": 98599,
   "City": "Olympia",
   "County": "Thurston"
 },
 {
   "Zip": 98612,
   "City": "Cathlamet",
   "County": "Wahkiakum"
 },
 {
   "Zip": 98621,
   "City": "Grays River",
   "County": "Wahkiakum"
 },
 {
   "Zip": 98643,
   "City": "Rosburg",
   "County": "Wahkiakum"
 },
 {
   "Zip": 98647,
   "City": "Skamokawa",
   "County": "Wahkiakum"
 },
 {
   "Zip": 99323,
   "City": "Burbank",
   "County": "Walla Walla"
 },
 {
   "Zip": 99324,
   "City": "College Place",
   "County": "Walla Walla"
 },
 {
   "Zip": 99329,
   "City": "Dixie",
   "County": "Walla Walla"
 },
 {
   "Zip": 99348,
   "City": "Prescott",
   "County": "Walla Walla"
 },
 {
   "Zip": 99360,
   "City": "Touchet",
   "County": "Walla Walla"
 },
 {
   "Zip": 99361,
   "City": "Waitsburg",
   "County": "Walla Walla"
 },
 {
   "Zip": 99362,
   "City": "Walla Walla",
   "County": "Walla Walla"
 },
 {
   "Zip": 99363,
   "City": "Wallula",
   "County": "Walla Walla"
 },
 {
   "Zip": 98220,
   "City": "Acme",
   "County": "Whatcom"
 },
 {
   "Zip": 98225,
   "City": "Bellingham",
   "County": "Whatcom"
 },
 {
   "Zip": 98226,
   "City": "Bellingham",
   "County": "Whatcom"
 },
 {
   "Zip": 98227,
   "City": "Bellingham",
   "County": "Whatcom"
 },
 {
   "Zip": 98228,
   "City": "Bellingham",
   "County": "Whatcom"
 },
 {
   "Zip": 98229,
   "City": "Bellingham",
   "County": "Whatcom"
 },
 {
   "Zip": 98230,
   "City": "Blaine",
   "County": "Whatcom"
 },
 {
   "Zip": 98231,
   "City": "Blaine",
   "County": "Whatcom"
 },
 {
   "Zip": 98240,
   "City": "Custer",
   "County": "Whatcom"
 },
 {
   "Zip": 98244,
   "City": "Deming",
   "County": "Whatcom"
 },
 {
   "Zip": 98247,
   "City": "Everson",
   "County": "Whatcom"
 },
 {
   "Zip": 98248,
   "City": "Ferndale",
   "County": "Whatcom"
 },
 {
   "Zip": 98262,
   "City": "Lummi Island",
   "County": "Whatcom"
 },
 {
   "Zip": 98264,
   "City": "Lynden",
   "County": "Whatcom"
 },
 {
   "Zip": 98266,
   "City": "Maple Falls",
   "County": "Whatcom"
 },
 {
   "Zip": 98276,
   "City": "Nooksack",
   "County": "Whatcom"
 },
 {
   "Zip": 98281,
   "City": "Point Roberts",
   "County": "Whatcom"
 },
 {
   "Zip": 98295,
   "City": "Sumas",
   "County": "Whatcom"
 },
 {
   "Zip": 99017,
   "City": "Lamont",
   "County": "Whitman"
 },
 {
   "Zip": 99033,
   "City": "Tekoa",
   "County": "Whitman"
 },
 {
   "Zip": 99102,
   "City": "Albion",
   "County": "Whitman"
 },
 {
   "Zip": 99104,
   "City": "Belmont",
   "County": "Whitman"
 },
 {
   "Zip": 99111,
   "City": "Colfax",
   "County": "Whitman"
 },
 {
   "Zip": 99113,
   "City": "Colton",
   "County": "Whitman"
 },
 {
   "Zip": 99125,
   "City": "Endicott",
   "County": "Whitman"
 },
 {
   "Zip": 99128,
   "City": "Farmington",
   "County": "Whitman"
 },
 {
   "Zip": 99130,
   "City": "Garfield",
   "County": "Whitman"
 },
 {
   "Zip": 99136,
   "City": "Hay",
   "County": "Whitman"
 },
 {
   "Zip": 99143,
   "City": "Lacrosse",
   "County": "Whitman"
 },
 {
   "Zip": 99149,
   "City": "Malden",
   "County": "Whitman"
 },
 {
   "Zip": 99158,
   "City": "Oakesdale",
   "County": "Whitman"
 },
 {
   "Zip": 99161,
   "City": "Palouse",
   "County": "Whitman"
 },
 {
   "Zip": 99163,
   "City": "Pullman",
   "County": "Whitman"
 },
 {
   "Zip": 99164,
   "City": "Pullman",
   "County": "Whitman"
 },
 {
   "Zip": 99170,
   "City": "Rosalia",
   "County": "Whitman"
 },
 {
   "Zip": 99171,
   "City": "Saint John",
   "County": "Whitman"
 },
 {
   "Zip": 99174,
   "City": "Steptoe",
   "County": "Whitman"
 },
 {
   "Zip": 99176,
   "City": "Thornton",
   "County": "Whitman"
 },
 {
   "Zip": 99179,
   "City": "Uniontown",
   "County": "Whitman"
 },
 {
   "Zip": 99333,
   "City": "Hooper",
   "County": "Whitman"
 },
 {
   "Zip": 98901,
   "City": "Yakima",
   "County": "Yakima"
 },
 {
   "Zip": 98902,
   "City": "Yakima",
   "County": "Yakima"
 },
 {
   "Zip": 98903,
   "City": "Yakima",
   "County": "Yakima"
 },
 {
   "Zip": 98904,
   "City": "Yakima",
   "County": "Yakima"
 },
 {
   "Zip": 98907,
   "City": "Yakima",
   "County": "Yakima"
 },
 {
   "Zip": 98908,
   "City": "Yakima",
   "County": "Yakima"
 },
 {
   "Zip": 98909,
   "City": "Yakima",
   "County": "Yakima"
 },
 {
   "Zip": 98920,
   "City": "Brownstown",
   "County": "Yakima"
 },
 {
   "Zip": 98921,
   "City": "Buena",
   "County": "Yakima"
 },
 {
   "Zip": 98923,
   "City": "Cowiche",
   "County": "Yakima"
 },
 {
   "Zip": 98930,
   "City": "Grandview",
   "County": "Yakima"
 },
 {
   "Zip": 98932,
   "City": "Granger",
   "County": "Yakima"
 },
 {
   "Zip": 98933,
   "City": "Harrah",
   "County": "Yakima"
 },
 {
   "Zip": 98935,
   "City": "Mabton",
   "County": "Yakima"
 },
 {
   "Zip": 98936,
   "City": "Moxee",
   "County": "Yakima"
 },
 {
   "Zip": 98937,
   "City": "Naches",
   "County": "Yakima"
 },
 {
   "Zip": 98938,
   "City": "Outlook",
   "County": "Yakima"
 },
 {
   "Zip": 98939,
   "City": "Parker",
   "County": "Yakima"
 },
 {
   "Zip": 98942,
   "City": "Selah",
   "County": "Yakima"
 },
 {
   "Zip": 98944,
   "City": "Sunnyside",
   "County": "Yakima"
 },
 {
   "Zip": 98947,
   "City": "Tieton",
   "County": "Yakima"
 },
 {
   "Zip": 98948,
   "City": "Toppenish",
   "County": "Yakima"
 },
 {
   "Zip": 98951,
   "City": "Wapato",
   "County": "Yakima"
 },
 {
   "Zip": 98952,
   "City": "White Swan",
   "County": "Yakima"
 },
 {
   "Zip": 98953,
   "City": "Zillah",
   "County": "Yakima"
 }
]